instancia,makespan,bks_upper,gap_pct,tiempo_s,generaciones,carpeta_salida,error
abz5_edata,1294,1167,10.88,12.464,200,/home/felipe/Proyectos/FJSP-Seminario/Poblacion/AG/AG_Alumno/Salida/abz5_edata/17_09_2026_02_31_04,
abz5_rdata,1163,954,21.91,13.052,200,/home/felipe/Proyectos/FJSP-Seminario/Poblacion/AG/AG_Alumno/Salida/abz5_rdata/17_09_2026_02_31_17,
abz5_sdata,1276,1234,3.40,12.513,200,/home/felipe/Proyectos/FJSP-Seminario/Poblacion/AG/AG_Alumno/Salida/abz5_sdata/17_09_2026_02_31_30,
abz5_vdata,1155,859,34.46,12.608,200,/home/felipe/Proyectos/FJSP-Seminario/Poblacion/AG/AG_Alumno/Salida/abz5_vdata/17_09_2026_02_31_43,
abz6_edata,986,925,6.59,12.168,200,/home/felipe/Proyectos/FJSP-Seminario/Poblacion/AG/AG_Alumno/Salida/abz6_edata/17_09_2026_02_31_55,
abz6_rdata,894,807,10.78,12.591,200,/home/felipe/Proyectos/FJSP-Seminario/Poblacion/AG/AG_Alumno/Salida/abz6_rdata/17_09_2026_02_32_07,
abz6_sdata,977,943,3.61,12.704,200,/home/felipe/Proyectos/FJSP-Seminario/Poblacion/AG/AG_Alumno/Salida/abz6_sdata/17_09_2026_02_32_20,
abz6_vdata,891,742,20.08,12.942,200,/home/felipe/Proyectos/FJSP-Seminario/Poblacion/AG/AG_Alumno/Salida/abz6_vdata/17_09_2026_02_32_33,
abz7_edata,814,610,33.44,99.719,200,/home/felipe/Proyectos/FJSP-Seminario/Poblacion/AG/AG_Alumno/Salida/abz7_edata/17_09_2026_02_34_13,
abz7_rdata,811,522,55.36,94.702,200,/home/felipe/Proyectos/FJSP-Seminario/Poblacion/AG/AG_Alumno/Salida/abz7_rdata/17_09_2026_02_35_47,
abz7_sdata,788,656,20.12,93.846,200,/home/felipe/Proyectos/FJSP-Seminario/Poblacion/AG/AG_Alumno/Salida/abz7_sdata/17_09_2026_02_37_21,
abz7_vdata,798,492,62.20,93.975,200,/home/felipe/Proyectos/FJSP-Seminario/Poblacion/AG/AG_Alumno/Salida/abz7_vdata/17_09_2026_02_38_55,
abz8_edata,877,636,37.89,97.722,200,/home/felipe/Proyectos/FJSP-Seminario/Poblacion/AG/AG_Alumno/Salida/abz8_edata/17_09_2026_02_40_33,
abz8_rdata,797,535,48.97,98.400,200,/home/felipe/Proyectos/FJSP-Seminario/Poblacion/AG/AG_Alumno/Salida/abz8_rdata/17_09_2026_02_42_11,
abz8_sdata,863,667,29.39,94.604,200,/home/felipe/Proyectos/FJSP-Seminario/Poblacion/AG/AG_Alumno/Salida/abz8_sdata/17_09_2026_02_43_46,
abz8_vdata,849,507,67.46,95.568,200,/home/felipe/Proyectos/FJSP-Seminario/Poblacion/AG/AG_Alumno/Salida/abz8_vdata/17_09_2026_02_45_22,
abz9_edata,862,644,33.85,98.378,200,/home/felipe/Proyectos/FJSP-Seminario/Poblacion/AG/AG_Alumno/Salida/abz9_edata/17_09_2026_02_47_00,
abz9_rdata,794,536,48.13,96.337,200,/home/felipe/Proyectos/FJSP-Seminario/Poblacion/AG/AG_Alumno/Salida/abz9_rdata/17_09_2026_02_48_36,
abz9_sdata,876,678,29.20,95.679,200,/home/felipe/Proyectos/FJSP-Seminario/Poblacion/AG/AG_Alumno/Salida/abz9_sdata/17_09_2026_02_50_12,
abz9_vdata,788,497,58.55,96.340,200,/home/felipe/Proyectos/FJSP-Seminario/Poblacion/AG/AG_Alumno/Salida/abz9_vdata/17_09_2026_02_51_48,
car1_edata,7111,6176,15.14,4.485,200,/home/felipe/Proyectos/FJSP-Seminario/Poblacion/AG/AG_Alumno/Salida/car1_edata/17_09_2026_02_51_53,
car1_rdata,5566,5034,10.57,4.547,200,/home/felipe/Proyectos/FJSP-Seminario/Poblacion/AG/AG_Alumno/Salida/car1_rdata/17_09_2026_02_51_57,
car1_sdata,7926,7038,12.62,4.406,200,/home/felipe/Proyectos/FJSP-Seminario/Poblacion/AG/AG_Alumno/Salida/car1_sdata/17_09_2026_02_52_02,
car1_vdata,5289,5005,5.67,4.535,200,/home/felipe/Proyectos/FJSP-Seminario/Poblacion/AG/AG_Alumno/Salida/car1_vdata/17_09_2026_02_52_06,
car2_edata,7526,6327,18.95,3.992,200,/home/felipe/Proyectos/FJSP-Seminario/Poblacion/AG/AG_Alumno/Salida/car2_edata/17_09_2026_02_52_10,
car2_rdata,6038,5985,0.89,3.920,200,/home/felipe/Proyectos/FJSP-Seminario/Poblacion/AG/AG_Alumno/Salida/car2_rdata/17_09_2026_02_52_14,
car2_sdata,7940,7166,10.80,3.917,200,/home/felipe/Proyectos/FJSP-Seminario/Poblacion/AG/AG_Alumno/Salida/car2_sdata/17_09_2026_02_52_18,
car2_vdata,5965,5929,0.61,3.779,200,/home/felipe/Proyectos/FJSP-Seminario/Poblacion/AG/AG_Alumno/Salida/car2_vdata/17_09_2026_02_52_22,
car3_edata,8101,6856,18.16,4.758,200,/home/felipe/Proyectos/FJSP-Seminario/Poblacion/AG/AG_Alumno/Salida/car3_edata/17_09_2026_02_52_27,
car3_rdata,5957,5622,5.96,4.881,200,/home/felipe/Proyectos/FJSP-Seminario/Poblacion/AG/AG_Alumno/Salida/car3_rdata/17_09_2026_02_52_31,
car3_sdata,8080,7312,10.50,4.684,200,/home/felipe/Proyectos/FJSP-Seminario/Poblacion/AG/AG_Alumno/Salida/car3_sdata/17_09_2026_02_52_36,
car3_vdata,5757,5597,2.86,4.817,200,/home/felipe/Proyectos/FJSP-Seminario/Poblacion/AG/AG_Alumno/Salida/car3_vdata/17_09_2026_02_52_41,
car4_edata,8788,7789,12.83,4.235,200,/home/felipe/Proyectos/FJSP-Seminario/Poblacion/AG/AG_Alumno/Salida/car4_edata/17_09_2026_02_52_45,
car4_rdata,6651,6514,2.10,4.120,200,/home/felipe/Proyectos/FJSP-Seminario/Poblacion/AG/AG_Alumno/Salida/car4_rdata/17_09_2026_02_52_49,
car4_sdata,8423,8003,5.25,4.204,200,/home/felipe/Proyectos/FJSP-Seminario/Poblacion/AG/AG_Alumno/Salida/car4_sdata/17_09_2026_02_52_54,
car4_vdata,6587,6514,1.12,4.025,200,/home/felipe/Proyectos/FJSP-Seminario/Poblacion/AG/AG_Alumno/Salida/car4_vdata/17_09_2026_02_52_58,
car5_edata,7530,7229,4.16,5.242,200,/home/felipe/Proyectos/FJSP-Seminario/Poblacion/AG/AG_Alumno/Salida/car5_edata/17_09_2026_02_53_03,
car5_rdata,6194,5615,10.31,5.232,200,/home/felipe/Proyectos/FJSP-Seminario/Poblacion/AG/AG_Alumno/Salida/car5_rdata/17_09_2026_02_53_08,
car5_sdata,8182,7702,6.23,5.276,200,/home/felipe/Proyectos/FJSP-Seminario/Poblacion/AG/AG_Alumno/Salida/car5_sdata/17_09_2026_02_53_13,
car5_vdata,5920,4909,20.59,5.192,200,/home/felipe/Proyectos/FJSP-Seminario/Poblacion/AG/AG_Alumno/Salida/car5_vdata/17_09_2026_02_53_19,
car6_edata,9789,7990,22.52,7.812,200,/home/felipe/Proyectos/FJSP-Seminario/Poblacion/AG/AG_Alumno/Salida/car6_edata/17_09_2026_02_53_26,
car6_rdata,6903,6147,12.30,7.634,200,/home/felipe/Proyectos/FJSP-Seminario/Poblacion/AG/AG_Alumno/Salida/car6_rdata/17_09_2026_02_53_34,
car6_sdata,9100,8313,9.47,8.037,200,/home/felipe/Proyectos/FJSP-Seminario/Poblacion/AG/AG_Alumno/Salida/car6_sdata/17_09_2026_02_53_42,
car6_vdata,6006,5486,9.48,7.748,200,/home/felipe/Proyectos/FJSP-Seminario/Poblacion/AG/AG_Alumno/Salida/car6_vdata/17_09_2026_02_53_50,
car7_edata,6764,6123,10.47,4.720,200,/home/felipe/Proyectos/FJSP-Seminario/Poblacion/AG/AG_Alumno/Salida/car7_edata/17_09_2026_02_53_54,
car7_rdata,4843,4425,9.45,4.488,200,/home/felipe/Proyectos/FJSP-Seminario/Poblacion/AG/AG_Alumno/Salida/car7_rdata/17_09_2026_02_53_59,
car7_sdata,7129,6558,8.71,4.567,200,/home/felipe/Proyectos/FJSP-Seminario/Poblacion/AG/AG_Alumno/Salida/car7_sdata/17_09_2026_02_54_03,
car7_vdata,4894,4281,14.32,4.546,200,/home/felipe/Proyectos/FJSP-Seminario/Poblacion/AG/AG_Alumno/Salida/car7_vdata/17_09_2026_02_54_08,
car8_edata,8006,7689,4.12,6.136,200,/home/felipe/Proyectos/FJSP-Seminario/Poblacion/AG/AG_Alumno/Salida/car8_edata/17_09_2026_02_54_14,
car8_rdata,6207,5692,9.05,6.102,200,/home/felipe/Proyectos/FJSP-Seminario/Poblacion/AG/AG_Alumno/Salida/car8_rdata/17_09_2026_02_54_20,
car8_sdata,8630,8264,4.43,6.349,200,/home/felipe/Proyectos/FJSP-Seminario/Poblacion/AG/AG_Alumno/Salida/car8_sdata/17_09_2026_02_54_27,
car8_vdata,5390,4613,16.84,6.739,200,/home/felipe/Proyectos/FJSP-Seminario/Poblacion/AG/AG_Alumno/Salida/car8_vdata/17_09_2026_02_54_33,
dpp01a,2906,2505,16.01,54.110,200,/home/felipe/Proyectos/FJSP-Seminario/Poblacion/AG/AG_Alumno/Salida/dpp01a/17_09_2026_02_55_27,
dpp02a,2726,2228,22.35,53.726,200,/home/felipe/Proyectos/FJSP-Seminario/Poblacion/AG/AG_Alumno/Salida/dpp02a/17_09_2026_02_56_21,
dpp03a,2735,2228,22.76,56.190,200,/home/felipe/Proyectos/FJSP-Seminario/Poblacion/AG/AG_Alumno/Salida/dpp03a/17_09_2026_02_57_17,
dpp04a,2968,2503,18.58,56.608,200,/home/felipe/Proyectos/FJSP-Seminario/Poblacion/AG/AG_Alumno/Salida/dpp04a/17_09_2026_02_58_14,
dpp05a,2828,2199,28.60,55.254,200,/home/felipe/Proyectos/FJSP-Seminario/Poblacion/AG/AG_Alumno/Salida/dpp05a/17_09_2026_02_59_09,
dpp06a,2688,2169,23.93,54.851,200,/home/felipe/Proyectos/FJSP-Seminario/Poblacion/AG/AG_Alumno/Salida/dpp06a/17_09_2026_03_00_04,
dpp07a,3138,2254,39.22,112.023,200,/home/felipe/Proyectos/FJSP-Seminario/Poblacion/AG/AG_Alumno/Salida/dpp07a/17_09_2026_03_01_56,
dpp08a,2817,2061,36.68,120.665,200,/home/felipe/Proyectos/FJSP-Seminario/Poblacion/AG/AG_Alumno/Salida/dpp08a/17_09_2026_03_03_57,
dpp09a,2915,2061,41.44,111.779,200,/home/felipe/Proyectos/FJSP-Seminario/Poblacion/AG/AG_Alumno/Salida/dpp09a/17_09_2026_03_05_49,
dpp10a,2847,2241,27.04,113.699,200,/home/felipe/Proyectos/FJSP-Seminario/Poblacion/AG/AG_Alumno/Salida/dpp10a/17_09_2026_03_07_42,
dpp11a,2984,2037,46.49,117.986,200,/home/felipe/Proyectos/FJSP-Seminario/Poblacion/AG/AG_Alumno/Salida/dpp11a/17_09_2026_03_09_40,
dpp12a,2715,1984,36.84,120.160,200,/home/felipe/Proyectos/FJSP-Seminario/Poblacion/AG/AG_Alumno/Salida/dpp12a/17_09_2026_03_11_40,
dpp13a,3335,2236,49.15,222.715,200,/home/felipe/Proyectos/FJSP-Seminario/Poblacion/AG/AG_Alumno/Salida/dpp13a/17_09_2026_03_15_23,
dpp14a,3326,2161,53.91,200.072,200,/home/felipe/Proyectos/FJSP-Seminario/Poblacion/AG/AG_Alumno/Salida/dpp14a/17_09_2026_03_18_43,
dpp15a,3288,2161,52.15,203.477,200,/home/felipe/Proyectos/FJSP-Seminario/Poblacion/AG/AG_Alumno/Salida/dpp15a/17_09_2026_03_22_07,
dpp16a,3221,2231,44.37,207.395,200,/home/felipe/Proyectos/FJSP-Seminario/Poblacion/AG/AG_Alumno/Salida/dpp16a/17_09_2026_03_25_34,
dpp17a,3374,2105,60.29,206.873,200,/home/felipe/Proyectos/FJSP-Seminario/Poblacion/AG/AG_Alumno/Salida/dpp17a/17_09_2026_03_29_01,
dpp18a,3200,2070,54.59,200.951,200,/home/felipe/Proyectos/FJSP-Seminario/Poblacion/AG/AG_Alumno/Salida/dpp18a/17_09_2026_03_32_22,
ft06_edata,55,55,0.00,3.187,200,/home/felipe/Proyectos/FJSP-Seminario/Poblacion/AG/AG_Alumno/Salida/ft06_edata/17_09_2026_03_32_25,
ft06_rdata,47,47,0.00,3.075,200,/home/felipe/Proyectos/FJSP-Seminario/Poblacion/AG/AG_Alumno/Salida/ft06_rdata/17_09_2026_03_32_28,
ft06_sdata,55,55,0.00,3.018,200,/home/felipe/Proyectos/FJSP-Seminario/Poblacion/AG/AG_Alumno/Salida/ft06_sdata/17_09_2026_03_32_31,
ft06_vdata,47,47,0.00,3.120,200,/home/felipe/Proyectos/FJSP-Seminario/Poblacion/AG/AG_Alumno/Salida/ft06_vdata/17_09_2026_03_32_34,
ft10_edata,991,871,13.78,12.044,200,/home/felipe/Proyectos/FJSP-Seminario/Poblacion/AG/AG_Alumno/Salida/ft10_edata/17_09_2026_03_32_46,
ft10_rdata,804,686,17.20,12.401,200,/home/felipe/Proyectos/FJSP-Seminario/Poblacion/AG/AG_Alumno/Salida/ft10_rdata/17_09_2026_03_32_59,
ft10_sdata,1057,930,13.66,11.775,200,/home/felipe/Proyectos/FJSP-Seminario/Poblacion/AG/AG_Alumno/Salida/ft10_sdata/17_09_2026_03_33_11,
ft10_vdata,764,655,16.64,12.629,200,/home/felipe/Proyectos/FJSP-Seminario/Poblacion/AG/AG_Alumno/Salida/ft10_vdata/17_09_2026_03_33_23,
ft20_edata,1292,1088,18.75,9.104,200,/home/felipe/Proyectos/FJSP-Seminario/Poblacion/AG/AG_Alumno/Salida/ft20_edata/17_09_2026_03_33_32,
ft20_rdata,1078,1022,5.48,8.668,200,/home/felipe/Proyectos/FJSP-Seminario/Poblacion/AG/AG_Alumno/Salida/ft20_rdata/17_09_2026_03_33_41,
ft20_sdata,1326,1165,13.82,8.604,200,/home/felipe/Proyectos/FJSP-Seminario/Poblacion/AG/AG_Alumno/Salida/ft20_sdata/17_09_2026_03_33_50,
ft20_vdata,1054,1022,3.13,8.880,200,/home/felipe/Proyectos/FJSP-Seminario/Poblacion/AG/AG_Alumno/Salida/ft20_vdata/17_09_2026_03_33_58,
la01_edata,655,609,7.55,4.014,200,/home/felipe/Proyectos/FJSP-Seminario/Poblacion/AG/AG_Alumno/Salida/la01_edata/17_09_2026_03_34_02,
la01_rdata,623,570,9.30,3.857,200,/home/felipe/Proyectos/FJSP-Seminario/Poblacion/AG/AG_Alumno/Salida/la01_rdata/17_09_2026_03_34_06,
la01_sdata,666,666,0.00,3.989,200,/home/felipe/Proyectos/FJSP-Seminario/Poblacion/AG/AG_Alumno/Salida/la01_sdata/17_09_2026_03_34_10,
la01_vdata,603,570,5.79,4.097,200,/home/felipe/Proyectos/FJSP-Seminario/Poblacion/AG/AG_Alumno/Salida/la01_vdata/17_09_2026_03_34_14,
la02_edata,720,655,9.92,3.876,200,/home/felipe/Proyectos/FJSP-Seminario/Poblacion/AG/AG_Alumno/Salida/la02_edata/17_09_2026_03_34_18,
la02_rdata,590,529,11.53,4.200,200,/home/felipe/Proyectos/FJSP-Seminario/Poblacion/AG/AG_Alumno/Salida/la02_rdata/17_09_2026_03_34_22,
la02_sdata,685,655,4.58,4.038,200,/home/felipe/Proyectos/FJSP-Seminario/Poblacion/AG/AG_Alumno/Salida/la02_sdata/17_09_2026_03_34_26,
la02_vdata,547,529,3.40,4.087,200,/home/felipe/Proyectos/FJSP-Seminario/Poblacion/AG/AG_Alumno/Salida/la02_vdata/17_09_2026_03_34_31,
la03_edata,590,550,7.27,3.973,200,/home/felipe/Proyectos/FJSP-Seminario/Poblacion/AG/AG_Alumno/Salida/la03_edata/17_09_2026_03_34_35,
la03_rdata,513,477,7.55,4.111,200,/home/felipe/Proyectos/FJSP-Seminario/Poblacion/AG/AG_Alumno/Salida/la03_rdata/17_09_2026_03_34_39,
la03_sdata,626,597,4.86,4.016,200,/home/felipe/Proyectos/FJSP-Seminario/Poblacion/AG/AG_Alumno/Salida/la03_sdata/17_09_2026_03_34_43,
la03_vdata,519,477,8.81,3.985,200,/home/felipe/Proyectos/FJSP-Seminario/Poblacion/AG/AG_Alumno/Salida/la03_vdata/17_09_2026_03_34_47,
la04_edata,627,568,10.39,3.874,200,/home/felipe/Proyectos/FJSP-Seminario/Poblacion/AG/AG_Alumno/Salida/la04_edata/17_09_2026_03_34_51,
la04_rdata,540,502,7.57,4.029,200,/home/felipe/Proyectos/FJSP-Seminario/Poblacion/AG/AG_Alumno/Salida/la04_rdata/17_09_2026_03_34_55,
la04_sdata,619,590,4.92,3.952,200,/home/felipe/Proyectos/FJSP-Seminario/Poblacion/AG/AG_Alumno/Salida/la04_sdata/17_09_2026_03_34_59,
la04_vdata,521,502,3.78,4.004,200,/home/felipe/Proyectos/FJSP-Seminario/Poblacion/AG/AG_Alumno/Salida/la04_vdata/17_09_2026_03_35_02,
la05_edata,524,503,4.17,3.997,200,/home/felipe/Proyectos/FJSP-Seminario/Poblacion/AG/AG_Alumno/Salida/la05_edata/17_09_2026_03_35_06,
la05_rdata,489,457,7.00,4.123,200,/home/felipe/Proyectos/FJSP-Seminario/Poblacion/AG/AG_Alumno/Salida/la05_rdata/17_09_2026_03_35_11,
la05_sdata,593,593,0.00,4.000,200,/home/felipe/Proyectos/FJSP-Seminario/Poblacion/AG/AG_Alumno/Salida/la05_sdata/17_09_2026_03_35_15,
la05_vdata,503,457,10.07,4.093,200,/home/felipe/Proyectos/FJSP-Seminario/Poblacion/AG/AG_Alumno/Salida/la05_vdata/17_09_2026_03_35_19,
la06_edata,855,833,2.64,6.279,200,/home/felipe/Proyectos/FJSP-Seminario/Poblacion/AG/AG_Alumno/Salida/la06_edata/17_09_2026_03_35_25,
la06_rdata,820,799,2.63,6.344,200,/home/felipe/Proyectos/FJSP-Seminario/Poblacion/AG/AG_Alumno/Salida/la06_rdata/17_09_2026_03_35_31,
la06_sdata,926,926,0.00,6.218,200,/home/felipe/Proyectos/FJSP-Seminario/Poblacion/AG/AG_Alumno/Salida/la06_sdata/17_09_2026_03_35_38,
la06_vdata,834,799,4.38,6.280,200,/home/felipe/Proyectos/FJSP-Seminario/Poblacion/AG/AG_Alumno/Salida/la06_vdata/17_09_2026_03_35_44,
la07_edata,806,762,5.77,6.150,200,/home/felipe/Proyectos/FJSP-Seminario/Poblacion/AG/AG_Alumno/Salida/la07_edata/17_09_2026_03_35_50,
la07_rdata,778,749,3.87,6.234,200,/home/felipe/Proyectos/FJSP-Seminario/Poblacion/AG/AG_Alumno/Salida/la07_rdata/17_09_2026_03_35_56,
la07_sdata,890,890,0.00,6.140,200,/home/felipe/Proyectos/FJSP-Seminario/Poblacion/AG/AG_Alumno/Salida/la07_sdata/17_09_2026_03_36_02,
la07_vdata,778,749,3.87,6.239,200,/home/felipe/Proyectos/FJSP-Seminario/Poblacion/AG/AG_Alumno/Salida/la07_vdata/17_09_2026_03_36_09,
la08_edata,860,845,1.78,6.170,200,/home/felipe/Proyectos/FJSP-Seminario/Poblacion/AG/AG_Alumno/Salida/la08_edata/17_09_2026_03_36_15,
la08_rdata,803,765,4.97,5.964,200,/home/felipe/Proyectos/FJSP-Seminario/Poblacion/AG/AG_Alumno/Salida/la08_rdata/17_09_2026_03_36_21,
la08_sdata,863,863,0.00,6.372,200,/home/felipe/Proyectos/FJSP-Seminario/Poblacion/AG/AG_Alumno/Salida/la08_sdata/17_09_2026_03_36_27,
la08_vdata,806,765,5.36,6.563,200,/home/felipe/Proyectos/FJSP-Seminario/Poblacion/AG/AG_Alumno/Salida/la08_vdata/17_09_2026_03_36_34,
la09_edata,912,878,3.87,6.259,200,/home/felipe/Proyectos/FJSP-Seminario/Poblacion/AG/AG_Alumno/Salida/la09_edata/17_09_2026_03_36_40,
la09_rdata,878,853,2.93,6.176,200,/home/felipe/Proyectos/FJSP-Seminario/Poblacion/AG/AG_Alumno/Salida/la09_rdata/17_09_2026_03_36_46,
la09_sdata,951,951,0.00,6.071,200,/home/felipe/Proyectos/FJSP-Seminario/Poblacion/AG/AG_Alumno/Salida/la09_sdata/17_09_2026_03_36_52,
la09_vdata,869,853,1.88,6.326,200,/home/felipe/Proyectos/FJSP-Seminario/Poblacion/AG/AG_Alumno/Salida/la09_vdata/17_09_2026_03_36_59,
la10_edata,873,866,0.81,6.199,200,/home/felipe/Proyectos/FJSP-Seminario/Poblacion/AG/AG_Alumno/Salida/la10_edata/17_09_2026_03_37_05,
la10_rdata,824,804,2.49,5.968,200,/home/felipe/Proyectos/FJSP-Seminario/Poblacion/AG/AG_Alumno/Salida/la10_rdata/17_09_2026_03_37_11,
la10_sdata,958,958,0.00,6.244,200,/home/felipe/Proyectos/FJSP-Seminario/Poblacion/AG/AG_Alumno/Salida/la10_sdata/17_09_2026_03_37_17,
la10_vdata,841,804,4.60,6.369,200,/home/felipe/Proyectos/FJSP-Seminario/Poblacion/AG/AG_Alumno/Salida/la10_vdata/17_09_2026_03_37_23,
la11_edata,1135,1103,2.90,8.717,200,/home/felipe/Proyectos/FJSP-Seminario/Poblacion/AG/AG_Alumno/Salida/la11_edata/17_09_2026_03_37_32,
la11_rdata,1091,1071,1.87,8.792,200,/home/felipe/Proyectos/FJSP-Seminario/Poblacion/AG/AG_Alumno/Salida/la11_rdata/17_09_2026_03_37_41,
la11_sdata,1222,1222,0.00,8.459,200,/home/felipe/Proyectos/FJSP-Seminario/Poblacion/AG/AG_Alumno/Salida/la11_sdata/17_09_2026_03_37_49,
la11_vdata,1090,1071,1.77,8.692,200,/home/felipe/Proyectos/FJSP-Seminario/Poblacion/AG/AG_Alumno/Salida/la11_vdata/17_09_2026_03_37_58,
la12_edata,1001,960,4.27,8.658,200,/home/felipe/Proyectos/FJSP-Seminario/Poblacion/AG/AG_Alumno/Salida/la12_edata/17_09_2026_03_38_07,
la12_rdata,948,936,1.28,8.918,200,/home/felipe/Proyectos/FJSP-Seminario/Poblacion/AG/AG_Alumno/Salida/la12_rdata/17_09_2026_03_38_16,
la12_sdata,1039,1039,0.00,8.355,200,/home/felipe/Proyectos/FJSP-Seminario/Poblacion/AG/AG_Alumno/Salida/la12_sdata/17_09_2026_03_38_24,
la12_vdata,960,936,2.56,8.832,200,/home/felipe/Proyectos/FJSP-Seminario/Poblacion/AG/AG_Alumno/Salida/la12_vdata/17_09_2026_03_38_33,
la13_edata,1058,1053,0.47,8.544,200,/home/felipe/Proyectos/FJSP-Seminario/Poblacion/AG/AG_Alumno/Salida/la13_edata/17_09_2026_03_38_41,
la13_rdata,1070,1038,3.08,8.533,200,/home/felipe/Proyectos/FJSP-Seminario/Poblacion/AG/AG_Alumno/Salida/la13_rdata/17_09_2026_03_38_50,
la13_sdata,1150,1150,0.00,8.452,200,/home/felipe/Proyectos/FJSP-Seminario/Poblacion/AG/AG_Alumno/Salida/la13_sdata/17_09_2026_03_38_58,
la13_vdata,1078,1038,3.85,8.555,200,/home/felipe/Proyectos/FJSP-Seminario/Poblacion/AG/AG_Alumno/Salida/la13_vdata/17_09_2026_03_39_07,
la14_edata,1163,1123,3.56,8.463,200,/home/felipe/Proyectos/FJSP-Seminario/Poblacion/AG/AG_Alumno/Salida/la14_edata/17_09_2026_03_39_15,
la14_rdata,1105,1070,3.27,8.744,200,/home/felipe/Proyectos/FJSP-Seminario/Poblacion/AG/AG_Alumno/Salida/la14_rdata/17_09_2026_03_39_24,
la14_sdata,1292,1292,0.00,8.426,200,/home/felipe/Proyectos/FJSP-Seminario/Poblacion/AG/AG_Alumno/Salida/la14_sdata/17_09_2026_03_39_32,
la14_vdata,1109,1070,3.64,9.071,200,/home/felipe/Proyectos/FJSP-Seminario/Poblacion/AG/AG_Alumno/Salida/la14_vdata/17_09_2026_03_39_42,
la15_edata,1186,1111,6.75,8.463,200,/home/felipe/Proyectos/FJSP-Seminario/Poblacion/AG/AG_Alumno/Salida/la15_edata/17_09_2026_03_39_50,
la15_rdata,1154,1089,5.97,8.877,200,/home/felipe/Proyectos/FJSP-Seminario/Poblacion/AG/AG_Alumno/Salida/la15_rdata/17_09_2026_03_39_59,
la15_sdata,1268,1207,5.05,8.558,200,/home/felipe/Proyectos/FJSP-Seminario/Poblacion/AG/AG_Alumno/Salida/la15_sdata/17_09_2026_03_40_07,
la15_vdata,1140,1089,4.68,8.831,200,/home/felipe/Proyectos/FJSP-Seminario/Poblacion/AG/AG_Alumno/Salida/la15_vdata/17_09_2026_03_40_16,
la16_edata,945,892,5.94,12.575,200,/home/felipe/Proyectos/FJSP-Seminario/Poblacion/AG/AG_Alumno/Salida/la16_edata/17_09_2026_03_40_29,
la16_rdata,925,717,29.01,12.240,200,/home/felipe/Proyectos/FJSP-Seminario/Poblacion/AG/AG_Alumno/Salida/la16_rdata/17_09_2026_03_40_41,
la16_sdata,1008,945,6.67,12.826,200,/home/felipe/Proyectos/FJSP-Seminario/Poblacion/AG/AG_Alumno/Salida/la16_sdata/17_09_2026_03_40_54,
la16_vdata,802,717,11.85,12.509,200,/home/felipe/Proyectos/FJSP-Seminario/Poblacion/AG/AG_Alumno/Salida/la16_vdata/17_09_2026_03_41_06,
la17_edata,800,707,13.15,11.684,200,/home/felipe/Proyectos/FJSP-Seminario/Poblacion/AG/AG_Alumno/Salida/la17_edata/17_09_2026_03_41_18,
la17_rdata,753,646,16.56,11.921,200,/home/felipe/Proyectos/FJSP-Seminario/Poblacion/AG/AG_Alumno/Salida/la17_rdata/17_09_2026_03_41_30,
la17_sdata,794,784,1.28,11.954,200,/home/felipe/Proyectos/FJSP-Seminario/Poblacion/AG/AG_Alumno/Salida/la17_sdata/17_09_2026_03_41_42,
la17_vdata,690,646,6.81,13.038,200,/home/felipe/Proyectos/FJSP-Seminario/Poblacion/AG/AG_Alumno/Salida/la17_vdata/17_09_2026_03_41_55,
la18_edata,882,842,4.75,11.997,200,/home/felipe/Proyectos/FJSP-Seminario/Poblacion/AG/AG_Alumno/Salida/la18_edata/17_09_2026_03_42_07,
la18_rdata,806,666,21.02,11.999,200,/home/felipe/Proyectos/FJSP-Seminario/Poblacion/AG/AG_Alumno/Salida/la18_rdata/17_09_2026_03_42_19,
la18_sdata,913,848,7.67,11.756,200,/home/felipe/Proyectos/FJSP-Seminario/Poblacion/AG/AG_Alumno/Salida/la18_sdata/17_09_2026_03_42_31,
la18_vdata,815,663,22.93,12.422,200,/home/felipe/Proyectos/FJSP-Seminario/Poblacion/AG/AG_Alumno/Salida/la18_vdata/17_09_2026_03_42_43,
la19_edata,882,796,10.80,12.240,200,/home/felipe/Proyectos/FJSP-Seminario/Poblacion/AG/AG_Alumno/Salida/la19_edata/17_09_2026_03_42_55,
la19_rdata,814,700,16.29,13.027,200,/home/felipe/Proyectos/FJSP-Seminario/Poblacion/AG/AG_Alumno/Salida/la19_rdata/17_09_2026_03_43_08,
la19_sdata,941,842,11.76,12.189,200,/home/felipe/Proyectos/FJSP-Seminario/Poblacion/AG/AG_Alumno/Salida/la19_sdata/17_09_2026_03_43_21,
la19_vdata,817,617,32.41,12.153,200,/home/felipe/Proyectos/FJSP-Seminario/Poblacion/AG/AG_Alumno/Salida/la19_vdata/17_09_2026_03_43_33,
la20_edata,891,857,3.97,12.224,200,/home/felipe/Proyectos/FJSP-Seminario/Poblacion/AG/AG_Alumno/Salida/la20_edata/17_09_2026_03_43_45,
la20_rdata,860,756,13.76,12.704,200,/home/felipe/Proyectos/FJSP-Seminario/Poblacion/AG/AG_Alumno/Salida/la20_rdata/17_09_2026_03_43_58,
la20_sdata,958,902,6.21,11.887,200,/home/felipe/Proyectos/FJSP-Seminario/Poblacion/AG/AG_Alumno/Salida/la20_sdata/17_09_2026_03_44_10,
la20_vdata,815,756,7.80,12.599,200,/home/felipe/Proyectos/FJSP-Seminario/Poblacion/AG/AG_Alumno/Salida/la20_vdata/17_09_2026_03_44_22,
la21_edata,1171,1009,16.06,22.347,200,/home/felipe/Proyectos/FJSP-Seminario/Poblacion/AG/AG_Alumno/Salida/la21_edata/17_09_2026_03_44_45,
la21_rdata,1146,825,38.91,23.363,200,/home/felipe/Proyectos/FJSP-Seminario/Poblacion/AG/AG_Alumno/Salida/la21_rdata/17_09_2026_03_45_08,
la21_sdata,1208,1046,15.49,22.547,200,/home/felipe/Proyectos/FJSP-Seminario/Poblacion/AG/AG_Alumno/Salida/la21_sdata/17_09_2026_03_45_30,
la21_vdata,1097,800,37.12,22.333,200,/home/felipe/Proyectos/FJSP-Seminario/Poblacion/AG/AG_Alumno/Salida/la21_vdata/17_09_2026_03_45_53,
la22_edata,968,880,10.00,22.318,200,/home/felipe/Proyectos/FJSP-Seminario/Poblacion/AG/AG_Alumno/Salida/la22_edata/17_09_2026_03_46_15,
la22_rdata,1078,753,43.16,21.384,200,/home/felipe/Proyectos/FJSP-Seminario/Poblacion/AG/AG_Alumno/Salida/la22_rdata/17_09_2026_03_46_36,
la22_sdata,1060,927,14.35,21.646,200,/home/felipe/Proyectos/FJSP-Seminario/Poblacion/AG/AG_Alumno/Salida/la22_sdata/17_09_2026_03_46_58,
la22_vdata,1030,733,40.52,22.281,200,/home/felipe/Proyectos/FJSP-Seminario/Poblacion/AG/AG_Alumno/Salida/la22_vdata/17_09_2026_03_47_20,
la23_edata,1109,950,16.74,22.438,200,/home/felipe/Proyectos/FJSP-Seminario/Poblacion/AG/AG_Alumno/Salida/la23_edata/17_09_2026_03_47_43,
la23_rdata,1173,831,41.16,21.325,200,/home/felipe/Proyectos/FJSP-Seminario/Poblacion/AG/AG_Alumno/Salida/la23_rdata/17_09_2026_03_48_04,
la23_sdata,1058,1032,2.52,21.934,200,/home/felipe/Proyectos/FJSP-Seminario/Poblacion/AG/AG_Alumno/Salida/la23_sdata/17_09_2026_03_48_26,
la23_vdata,1070,809,32.26,23.147,200,/home/felipe/Proyectos/FJSP-Seminario/Poblacion/AG/AG_Alumno/Salida/la23_vdata/17_09_2026_03_48_49,
la24_edata,1101,908,21.26,22.087,200,/home/felipe/Proyectos/FJSP-Seminario/Poblacion/AG/AG_Alumno/Salida/la24_edata/17_09_2026_03_49_11,
la24_rdata,1044,795,31.32,22.544,200,/home/felipe/Proyectos/FJSP-Seminario/Poblacion/AG/AG_Alumno/Salida/la24_rdata/17_09_2026_03_49_34,
la24_sdata,1107,935,18.40,22.377,200,/home/felipe/Proyectos/FJSP-Seminario/Poblacion/AG/AG_Alumno/Salida/la24_sdata/17_09_2026_03_49_56,
la24_vdata,1087,773,40.62,23.770,200,/home/felipe/Proyectos/FJSP-Seminario/Poblacion/AG/AG_Alumno/Salida/la24_vdata/17_09_2026_03_50_20,
la25_edata,1051,936,12.29,22.714,200,/home/felipe/Proyectos/FJSP-Seminario/Poblacion/AG/AG_Alumno/Salida/la25_edata/17_09_2026_03_50_43,
la25_rdata,1028,779,31.96,23.158,200,/home/felipe/Proyectos/FJSP-Seminario/Poblacion/AG/AG_Alumno/Salida/la25_rdata/17_09_2026_03_51_06,
la25_sdata,1198,977,22.62,20.929,200,/home/felipe/Proyectos/FJSP-Seminario/Poblacion/AG/AG_Alumno/Salida/la25_sdata/17_09_2026_03_51_27,
la25_vdata,1047,751,39.41,22.315,200,/home/felipe/Proyectos/FJSP-Seminario/Poblacion/AG/AG_Alumno/Salida/la25_vdata/17_09_2026_03_51_49,
la26_edata,1394,1106,26.04,33.267,200,/home/felipe/Proyectos/FJSP-Seminario/Poblacion/AG/AG_Alumno/Salida/la26_edata/17_09_2026_03_52_22,
la26_rdata,1432,1057,35.48,34.826,200,/home/felipe/Proyectos/FJSP-Seminario/Poblacion/AG/AG_Alumno/Salida/la26_rdata/17_09_2026_03_52_57,
la26_sdata,1523,1218,25.04,34.261,200,/home/felipe/Proyectos/FJSP-Seminario/Poblacion/AG/AG_Alumno/Salida/la26_sdata/17_09_2026_03_53_32,
la26_vdata,1355,1052,28.80,34.632,200,/home/felipe/Proyectos/FJSP-Seminario/Poblacion/AG/AG_Alumno/Salida/la26_vdata/17_09_2026_03_54_06,
la27_edata,1498,1181,26.84,36.190,200,/home/felipe/Proyectos/FJSP-Seminario/Poblacion/AG/AG_Alumno/Salida/la27_edata/17_09_2026_03_54_42,
la27_rdata,1434,1085,32.17,35.402,200,/home/felipe/Proyectos/FJSP-Seminario/Poblacion/AG/AG_Alumno/Salida/la27_rdata/17_09_2026_03_55_18,
la27_sdata,1544,1235,25.02,34.680,200,/home/felipe/Proyectos/FJSP-Seminario/Poblacion/AG/AG_Alumno/Salida/la27_sdata/17_09_2026_03_55_52,
la27_vdata,1447,1084,33.49,33.927,200,/home/felipe/Proyectos/FJSP-Seminario/Poblacion/AG/AG_Alumno/Salida/la27_vdata/17_09_2026_03_56_26,
la28_edata,1435,1142,25.66,34.629,200,/home/felipe/Proyectos/FJSP-Seminario/Poblacion/AG/AG_Alumno/Salida/la28_edata/17_09_2026_03_57_01,
la28_rdata,1345,1076,25.00,35.077,200,/home/felipe/Proyectos/FJSP-Seminario/Poblacion/AG/AG_Alumno/Salida/la28_rdata/17_09_2026_03_57_36,
la28_sdata,1446,1216,18.91,35.529,200,/home/felipe/Proyectos/FJSP-Seminario/Poblacion/AG/AG_Alumno/Salida/la28_sdata/17_09_2026_03_58_12,
la28_vdata,1399,1069,30.87,34.684,200,/home/felipe/Proyectos/FJSP-Seminario/Poblacion/AG/AG_Alumno/Salida/la28_vdata/17_09_2026_03_58_46,
la29_edata,1422,1107,28.46,36.124,200,/home/felipe/Proyectos/FJSP-Seminario/Poblacion/AG/AG_Alumno/Salida/la29_edata/17_09_2026_03_59_22,
la29_rdata,1308,994,31.59,34.403,200,/home/felipe/Proyectos/FJSP-Seminario/Poblacion/AG/AG_Alumno/Salida/la29_rdata/17_09_2026_03_59_57,
la29_sdata,1479,1152,28.39,35.009,200,/home/felipe/Proyectos/FJSP-Seminario/Poblacion/AG/AG_Alumno/Salida/la29_sdata/17_09_2026_04_00_32,
la29_vdata,1291,993,30.01,34.690,200,/home/felipe/Proyectos/FJSP-Seminario/Poblacion/AG/AG_Alumno/Salida/la29_vdata/17_09_2026_04_01_06,
la30_edata,1472,1188,23.91,34.798,200,/home/felipe/Proyectos/FJSP-Seminario/Poblacion/AG/AG_Alumno/Salida/la30_edata/17_09_2026_04_01_41,
la30_rdata,1439,1071,34.36,33.665,200,/home/felipe/Proyectos/FJSP-Seminario/Poblacion/AG/AG_Alumno/Salida/la30_rdata/17_09_2026_04_02_15,
la30_sdata,1566,1355,15.57,33.914,200,/home/felipe/Proyectos/FJSP-Seminario/Poblacion/AG/AG_Alumno/Salida/la30_sdata/17_09_2026_04_02_49,
la30_vdata,1413,1068,32.30,34.771,200,/home/felipe/Proyectos/FJSP-Seminario/Poblacion/AG/AG_Alumno/Salida/la30_vdata/17_09_2026_04_03_24,
la31_edata,1999,1532,30.48,71.894,200,/home/felipe/Proyectos/FJSP-Seminario/Poblacion/AG/AG_Alumno/Salida/la31_edata/17_09_2026_04_04_36,
la31_rdata,1937,1520,27.43,73.399,200,/home/felipe/Proyectos/FJSP-Seminario/Poblacion/AG/AG_Alumno/Salida/la31_rdata/17_09_2026_04_05_49,
la31_sdata,1910,1784,7.06,70.839,200,/home/felipe/Proyectos/FJSP-Seminario/Poblacion/AG/AG_Alumno/Salida/la31_sdata/17_09_2026_04_07_00,
la31_vdata,1895,1520,24.67,76.834,200,/home/felipe/Proyectos/FJSP-Seminario/Poblacion/AG/AG_Alumno/Salida/la31_vdata/17_09_2026_04_08_17,
la32_edata,2027,1698,19.38,73.057,200,/home/felipe/Proyectos/FJSP-Seminario/Poblacion/AG/AG_Alumno/Salida/la32_edata/17_09_2026_04_09_30,
la32_rdata,2187,1657,31.99,71.346,200,/home/felipe/Proyectos/FJSP-Seminario/Poblacion/AG/AG_Alumno/Salida/la32_rdata/17_09_2026_04_10_41,
la32_sdata,2023,1850,9.35,73.722,200,/home/felipe/Proyectos/FJSP-Seminario/Poblacion/AG/AG_Alumno/Salida/la32_sdata/17_09_2026_04_11_55,
la32_vdata,2099,1657,26.67,74.325,200,/home/felipe/Proyectos/FJSP-Seminario/Poblacion/AG/AG_Alumno/Salida/la32_vdata/17_09_2026_04_13_09,
la33_edata,1918,1547,23.98,73.504,200,/home/felipe/Proyectos/FJSP-Seminario/Poblacion/AG/AG_Alumno/Salida/la33_edata/17_09_2026_04_14_23,
la33_rdata,1882,1497,25.72,70.473,200,/home/felipe/Proyectos/FJSP-Seminario/Poblacion/AG/AG_Alumno/Salida/la33_rdata/17_09_2026_04_15_33,
la33_sdata,1852,1719,7.74,70.560,200,/home/felipe/Proyectos/FJSP-Seminario/Poblacion/AG/AG_Alumno/Salida/la33_sdata/17_09_2026_04_16_44,
la33_vdata,1902,1497,27.05,71.556,200,/home/felipe/Proyectos/FJSP-Seminario/Poblacion/AG/AG_Alumno/Salida/la33_vdata/17_09_2026_04_17_55,
la34_edata,1939,1599,21.26,71.108,200,/home/felipe/Proyectos/FJSP-Seminario/Poblacion/AG/AG_Alumno/Salida/la34_edata/17_09_2026_04_19_06,
la34_rdata,1899,1535,23.71,72.829,200,/home/felipe/Proyectos/FJSP-Seminario/Poblacion/AG/AG_Alumno/Salida/la34_rdata/17_09_2026_04_20_19,
la34_sdata,1950,1721,13.31,70.459,200,/home/felipe/Proyectos/FJSP-Seminario/Poblacion/AG/AG_Alumno/Salida/la34_sdata/17_09_2026_04_21_30,
la34_vdata,1980,1535,28.99,72.026,200,/home/felipe/Proyectos/FJSP-Seminario/Poblacion/AG/AG_Alumno/Salida/la34_vdata/17_09_2026_04_22_42,
la35_edata,2245,1736,29.32,70.135,200,/home/felipe/Proyectos/FJSP-Seminario/Poblacion/AG/AG_Alumno/Salida/la35_edata/17_09_2026_04_23_52,
la35_rdata,1955,1549,26.21,72.006,200,/home/felipe/Proyectos/FJSP-Seminario/Poblacion/AG/AG_Alumno/Salida/la35_rdata/17_09_2026_04_25_04,
la35_sdata,2182,1888,15.57,69.784,200,/home/felipe/Proyectos/FJSP-Seminario/Poblacion/AG/AG_Alumno/Salida/la35_sdata/17_09_2026_04_26_13,
la35_vdata,1888,1549,21.89,71.587,200,/home/felipe/Proyectos/FJSP-Seminario/Poblacion/AG/AG_Alumno/Salida/la35_vdata/17_09_2026_04_27_25,
la36_edata,1424,1160,22.76,55.595,200,/home/felipe/Proyectos/FJSP-Seminario/Poblacion/AG/AG_Alumno/Salida/la36_edata/17_09_2026_04_28_21,
la36_rdata,1411,1023,37.93,56.837,200,/home/felipe/Proyectos/FJSP-Seminario/Poblacion/AG/AG_Alumno/Salida/la36_rdata/17_09_2026_04_29_18,
la36_sdata,1534,1268,20.98,55.079,200,/home/felipe/Proyectos/FJSP-Seminario/Poblacion/AG/AG_Alumno/Salida/la36_sdata/17_09_2026_04_30_13,
la36_vdata,1514,948,59.70,54.563,200,/home/felipe/Proyectos/FJSP-Seminario/Poblacion/AG/AG_Alumno/Salida/la36_vdata/17_09_2026_04_31_07,
la37_edata,1692,1397,21.12,55.557,200,/home/felipe/Proyectos/FJSP-Seminario/Poblacion/AG/AG_Alumno/Salida/la37_edata/17_09_2026_04_32_03,
la37_rdata,1541,1062,45.10,54.830,200,/home/felipe/Proyectos/FJSP-Seminario/Poblacion/AG/AG_Alumno/Salida/la37_rdata/17_09_2026_04_32_58,
la37_sdata,1596,1397,14.24,54.311,200,/home/felipe/Proyectos/FJSP-Seminario/Poblacion/AG/AG_Alumno/Salida/la37_sdata/17_09_2026_04_33_52,
la37_vdata,1447,986,46.75,55.180,200,/home/felipe/Proyectos/FJSP-Seminario/Poblacion/AG/AG_Alumno/Salida/la37_vdata/17_09_2026_04_34_47,
la38_edata,1466,1141,28.48,53.873,200,/home/felipe/Proyectos/FJSP-Seminario/Poblacion/AG/AG_Alumno/Salida/la38_edata/17_09_2026_04_35_41,
la38_rdata,1308,954,37.11,56.184,200,/home/felipe/Proyectos/FJSP-Seminario/Poblacion/AG/AG_Alumno/Salida/la38_rdata/17_09_2026_04_36_37,
la38_sdata,1504,1196,25.75,56.649,200,/home/felipe/Proyectos/FJSP-Seminario/Poblacion/AG/AG_Alumno/Salida/la38_sdata/17_09_2026_04_37_34,
la38_vdata,1437,943,52.39,54.922,200,/home/felipe/Proyectos/FJSP-Seminario/Poblacion/AG/AG_Alumno/Salida/la38_vdata/17_09_2026_04_38_29,
la39_edata,1436,1184,21.28,52.685,200,/home/felipe/Proyectos/FJSP-Seminario/Poblacion/AG/AG_Alumno/Salida/la39_edata/17_09_2026_04_39_21,
la39_rdata,1342,1011,32.74,56.508,200,/home/felipe/Proyectos/FJSP-Seminario/Poblacion/AG/AG_Alumno/Salida/la39_rdata/17_09_2026_04_40_18,
la39_sdata,1487,1233,20.60,53.486,200,/home/felipe/Proyectos/FJSP-Seminario/Poblacion/AG/AG_Alumno/Salida/la39_sdata/17_09_2026_04_41_11,
la39_vdata,1366,922,48.16,54.664,200,/home/felipe/Proyectos/FJSP-Seminario/Poblacion/AG/AG_Alumno/Salida/la39_vdata/17_09_2026_04_42_06,
la40_edata,1487,1144,29.98,53.118,200,/home/felipe/Proyectos/FJSP-Seminario/Poblacion/AG/AG_Alumno/Salida/la40_edata/17_09_2026_04_42_59,
la40_rdata,1439,955,50.68,56.172,200,/home/felipe/Proyectos/FJSP-Seminario/Poblacion/AG/AG_Alumno/Salida/la40_rdata/17_09_2026_04_43_55,
la40_sdata,1585,1222,29.71,54.875,200,/home/felipe/Proyectos/FJSP-Seminario/Poblacion/AG/AG_Alumno/Salida/la40_sdata/17_09_2026_04_44_50,
la40_vdata,1367,955,43.14,53.976,200,/home/felipe/Proyectos/FJSP-Seminario/Poblacion/AG/AG_Alumno/Salida/la40_vdata/17_09_2026_04_45_44,
mk01,42,40,5.00,4.721,200,/home/felipe/Proyectos/FJSP-Seminario/Poblacion/AG/AG_Alumno/Salida/mk01/17_09_2026_04_45_49,
mk02,37,26,42.31,4.757,200,/home/felipe/Proyectos/FJSP-Seminario/Poblacion/AG/AG_Alumno/Salida/mk02/17_09_2026_04_45_54,
mk03,227,204,11.27,22.163,200,/home/felipe/Proyectos/FJSP-Seminario/Poblacion/AG/AG_Alumno/Salida/mk03/17_09_2026_04_46_16,
mk04,74,60,23.33,8.837,200,/home/felipe/Proyectos/FJSP-Seminario/Poblacion/AG/AG_Alumno/Salida/mk04/17_09_2026_04_46_25,
mk05,187,172,8.72,11.152,200,/home/felipe/Proyectos/FJSP-Seminario/Poblacion/AG/AG_Alumno/Salida/mk05/17_09_2026_04_46_36,
mk06,113,57,98.25,30.036,200,/home/felipe/Proyectos/FJSP-Seminario/Poblacion/AG/AG_Alumno/Salida/mk06/17_09_2026_04_47_06,
mk07,188,139,35.25,8.392,200,/home/felipe/Proyectos/FJSP-Seminario/Poblacion/AG/AG_Alumno/Salida/mk07/17_09_2026_04_47_14,
mk08,563,523,7.65,44.223,200,/home/felipe/Proyectos/FJSP-Seminario/Poblacion/AG/AG_Alumno/Salida/mk08/17_09_2026_04_47_58,
mk09,399,307,29.97,53.952,200,/home/felipe/Proyectos/FJSP-Seminario/Poblacion/AG/AG_Alumno/Salida/mk09/17_09_2026_04_48_52,
mk10,355,193,83.94,52.136,200,/home/felipe/Proyectos/FJSP-Seminario/Poblacion/AG/AG_Alumno/Salida/mk10/17_09_2026_04_49_45,
mk11,673,609,10.51,21.538,200,/home/felipe/Proyectos/FJSP-Seminario/Poblacion/AG/AG_Alumno/Salida/mk11/17_09_2026_04_50_06,
mk12,550,508,8.27,26.385,200,/home/felipe/Proyectos/FJSP-Seminario/Poblacion/AG/AG_Alumno/Salida/mk12/17_09_2026_04_50_32,
mk13,571,390,46.41,38.252,200,/home/felipe/Proyectos/FJSP-Seminario/Poblacion/AG/AG_Alumno/Salida/mk13/17_09_2026_04_51_11,
mk14,721,694,3.89,54.713,200,/home/felipe/Proyectos/FJSP-Seminario/Poblacion/AG/AG_Alumno/Salida/mk14/17_09_2026_04_52_05,
mk15,561,333,68.47,60.695,200,/home/felipe/Proyectos/FJSP-Seminario/Poblacion/AG/AG_Alumno/Salida/mk15/17_09_2026_04_53_06,
orb10_edata,1051,933,12.65,12.199,200,/home/felipe/Proyectos/FJSP-Seminario/Poblacion/AG/AG_Alumno/Salida/orb10_edata/17_09_2026_04_53_18,
orb10_rdata,882,742,18.87,12.207,200,/home/felipe/Proyectos/FJSP-Seminario/Poblacion/AG/AG_Alumno/Salida/orb10_rdata/17_09_2026_04_53_31,
orb10_sdata,1013,944,7.31,12.393,200,/home/felipe/Proyectos/FJSP-Seminario/Poblacion/AG/AG_Alumno/Salida/orb10_sdata/17_09_2026_04_53_43,
orb10_vdata,897,681,31.72,12.942,200,/home/felipe/Proyectos/FJSP-Seminario/Poblacion/AG/AG_Alumno/Salida/orb10_vdata/17_09_2026_04_53_56,
orb1_edata,1095,977,12.08,12.708,200,/home/felipe/Proyectos/FJSP-Seminario/Poblacion/AG/AG_Alumno/Salida/orb1_edata/17_09_2026_04_54_09,
orb1_rdata,888,746,19.03,12.758,200,/home/felipe/Proyectos/FJSP-Seminario/Poblacion/AG/AG_Alumno/Salida/orb1_rdata/17_09_2026_04_54_21,
orb1_sdata,1268,1059,19.74,11.790,200,/home/felipe/Proyectos/FJSP-Seminario/Poblacion/AG/AG_Alumno/Salida/orb1_sdata/17_09_2026_04_54_33,
orb1_vdata,795,695,14.39,12.381,200,/home/felipe/Proyectos/FJSP-Seminario/Poblacion/AG/AG_Alumno/Salida/orb1_vdata/17_09_2026_04_54_45,
orb2_edata,1015,865,17.34,12.594,200,/home/felipe/Proyectos/FJSP-Seminario/Poblacion/AG/AG_Alumno/Salida/orb2_edata/17_09_2026_04_54_58,
orb2_rdata,819,696,17.67,12.189,200,/home/felipe/Proyectos/FJSP-Seminario/Poblacion/AG/AG_Alumno/Salida/orb2_rdata/17_09_2026_04_55_10,
orb2_sdata,991,888,11.60,12.414,200,/home/felipe/Proyectos/FJSP-Seminario/Poblacion/AG/AG_Alumno/Salida/orb2_sdata/17_09_2026_04_55_23,
orb2_vdata,787,620,26.94,12.704,200,/home/felipe/Proyectos/FJSP-Seminario/Poblacion/AG/AG_Alumno/Salida/orb2_vdata/17_09_2026_04_55_35,
orb3_edata,1096,951,15.25,12.287,200,/home/felipe/Proyectos/FJSP-Seminario/Poblacion/AG/AG_Alumno/Salida/orb3_edata/17_09_2026_04_55_48,
orb3_rdata,846,712,18.82,12.215,200,/home/felipe/Proyectos/FJSP-Seminario/Poblacion/AG/AG_Alumno/Salida/orb3_rdata/17_09_2026_04_56_00,
orb3_sdata,1118,1005,11.24,12.223,200,/home/felipe/Proyectos/FJSP-Seminario/Poblacion/AG/AG_Alumno/Salida/orb3_sdata/17_09_2026_04_56_12,
orb3_vdata,778,648,20.06,12.085,200,/home/felipe/Proyectos/FJSP-Seminario/Poblacion/AG/AG_Alumno/Salida/orb3_vdata/17_09_2026_04_56_24,
orb4_edata,1105,984,12.30,12.140,200,/home/felipe/Proyectos/FJSP-Seminario/Poblacion/AG/AG_Alumno/Salida/orb4_edata/17_09_2026_04_56_36,
orb4_rdata,859,753,14.08,12.126,200,/home/felipe/Proyectos/FJSP-Seminario/Poblacion/AG/AG_Alumno/Salida/orb4_rdata/17_09_2026_04_56_48,
orb4_sdata,1120,1005,11.44,12.230,200,/home/felipe/Proyectos/FJSP-Seminario/Poblacion/AG/AG_Alumno/Salida/orb4_sdata/17_09_2026_04_57_01,
orb4_vdata,868,753,15.27,12.813,200,/home/felipe/Proyectos/FJSP-Seminario/Poblacion/AG/AG_Alumno/Salida/orb4_vdata/17_09_2026_04_57_14,
orb5_edata,898,842,6.65,12.301,200,/home/felipe/Proyectos/FJSP-Seminario/Poblacion/AG/AG_Alumno/Salida/orb5_edata/17_09_2026_04_57_26,
orb5_rdata,783,639,22.54,13.217,200,/home/felipe/Proyectos/FJSP-Seminario/Poblacion/AG/AG_Alumno/Salida/orb5_rdata/17_09_2026_04_57_39,
orb5_sdata,1035,887,16.69,12.396,200,/home/felipe/Proyectos/FJSP-Seminario/Poblacion/AG/AG_Alumno/Salida/orb5_sdata/17_09_2026_04_57_51,
orb5_vdata,762,584,30.48,12.529,200,/home/felipe/Proyectos/FJSP-Seminario/Poblacion/AG/AG_Alumno/Salida/orb5_vdata/17_09_2026_04_58_04,
orb6_edata,1092,958,13.99,11.890,200,/home/felipe/Proyectos/FJSP-Seminario/Poblacion/AG/AG_Alumno/Salida/orb6_edata/17_09_2026_04_58_16,
orb6_rdata,891,754,18.17,12.102,200,/home/felipe/Proyectos/FJSP-Seminario/Poblacion/AG/AG_Alumno/Salida/orb6_rdata/17_09_2026_04_58_28,
orb6_sdata,1196,1010,18.42,12.189,200,/home/felipe/Proyectos/FJSP-Seminario/Poblacion/AG/AG_Alumno/Salida/orb6_sdata/17_09_2026_04_58_40,
orb6_vdata,863,715,20.70,11.922,200,/home/felipe/Proyectos/FJSP-Seminario/Poblacion/AG/AG_Alumno/Salida/orb6_vdata/17_09_2026_04_58_52,
orb7_edata,446,389,14.65,12.266,200,/home/felipe/Proyectos/FJSP-Seminario/Poblacion/AG/AG_Alumno/Salida/orb7_edata/17_09_2026_04_59_04,
orb7_rdata,363,302,20.20,12.021,200,/home/felipe/Proyectos/FJSP-Seminario/Poblacion/AG/AG_Alumno/Salida/orb7_rdata/17_09_2026_04_59_16,
orb7_sdata,448,397,12.85,12.782,200,/home/felipe/Proyectos/FJSP-Seminario/Poblacion/AG/AG_Alumno/Salida/orb7_sdata/17_09_2026_04_59_29,
orb7_vdata,349,275,26.91,12.483,200,/home/felipe/Proyectos/FJSP-Seminario/Poblacion/AG/AG_Alumno/Salida/orb7_vdata/17_09_2026_04_59_42,
orb8_edata,1008,894,12.75,12.760,200,/home/felipe/Proyectos/FJSP-Seminario/Poblacion/AG/AG_Alumno/Salida/orb8_edata/17_09_2026_04_59_54,
orb8_rdata,806,639,26.13,12.211,200,/home/felipe/Proyectos/FJSP-Seminario/Poblacion/AG/AG_Alumno/Salida/orb8_rdata/17_09_2026_05_00_07,
orb8_sdata,1069,899,18.91,11.521,200,/home/felipe/Proyectos/FJSP-Seminario/Poblacion/AG/AG_Alumno/Salida/orb8_sdata/17_09_2026_05_00_18,
orb8_vdata,691,573,20.59,12.573,200,/home/felipe/Proyectos/FJSP-Seminario/Poblacion/AG/AG_Alumno/Salida/orb8_vdata/17_09_2026_05_00_31,
orb9_edata,1025,933,9.86,12.298,200,/home/felipe/Proyectos/FJSP-Seminario/Poblacion/AG/AG_Alumno/Salida/orb9_edata/17_09_2026_05_00_43,
orb9_rdata,901,694,29.83,12.242,200,/home/felipe/Proyectos/FJSP-Seminario/Poblacion/AG/AG_Alumno/Salida/orb9_rdata/17_09_2026_05_00_55,
orb9_sdata,1037,934,11.03,11.911,200,/home/felipe/Proyectos/FJSP-Seminario/Poblacion/AG/AG_Alumno/Salida/orb9_sdata/17_09_2026_05_01_07,
orb9_vdata,765,659,16.08,13.201,200,/home/felipe/Proyectos/FJSP-Seminario/Poblacion/AG/AG_Alumno/Salida/orb9_vdata/17_09_2026_05_01_20,
